[
  {
    "number": 1,
    "symbol": "H",
    "name": "Hidrogénio",
    "mass": 1.008
  },
  {
    "number": 2,
    "symbol": "He",
    "name": "Hélio",
    "mass": 4.0026
  },
  {
    "number": 3,
    "symbol": "Li",
    "name": "Lítio",
    "mass": 6.94
  },
  {
    "number": 4,
    "symbol": "Be",
    "name": "Berílio",
    "mass": 9.0122
  },
  {
    "number": 5,
    "symbol": "B",
    "name": "Boro",
    "mass": 10.81
  },
  {
    "number": 6,
    "symbol": "C",
    "name": "Carbono",
    "mass": 12.011
  },
  {
    "number": 7,
    "symbol": "N",
    "name": "Azoto",
    "mass": 14.007
  },
  {
    "number": 8,
    "symbol": "O",
    "name": "Oxigénio",
    "mass": 15.999
  },
  {
    "number": 9,
    "symbol": "F",
    "name": "Flúor",
    "mass": 18.998
  },
  {
    "number": 10,
    "symbol": "Ne",
    "name": "Neão",
    "mass": 20.18
  },
  {
    "number": 11,
    "symbol": "Na",
    "name": "Sódio",
    "mass": 22.99
  },
  {
    "number": 12,
    "symbol": "Mg",
    "name": "Magnésio",
    "mass": 24.305
  },
  {
    "number": 13,
    "symbol": "Al",
    "name": "Alumínio",
    "mass": 26.982
  },
  {
    "number": 14,
    "symbol": "Si",
    "name": "Silício",
    "mass": 28.085
  },
  {
    "number": 15,
    "symbol": "P",
    "name": "Fósforo",
    "mass": 30.974
  },
  {
    "number": 16,
    "symbol": "S",
    "name": "Enxofre",
    "mass": 32.06
  },
  {
    "number": 17,
    "symbol": "Cl",
    "name": "Cloro",
    "mass": 35.45
  },
  {
    "number": 18,
    "symbol": "Ar",
    "name": "Argão",
    "mass": 39.948
  },
  {
    "number": 19,
    "symbol": "K",
    "name": "Potássio",
    "mass": 39.098
  },
  {
    "number": 20,
    "symbol": "Ca",
    "name": "Cálcio",
    "mass": 40.078
  },
  {
    "number": 21,
    "symbol": "Sc",
    "name": "Escândio",
    "mass": 44.956
  },
  {
    "number": 22,
    "symbol": "Ti",
    "name": "Titânio",
    "mass": 47.867
  },
  {
    "number": 23,
    "symbol": "V",
    "name": "Vanádio",
    "mass": 50.942
  },
  {
    "number": 24,
    "symbol": "Cr",
    "name": "Cromo",
    "mass": 51.996
  },
  {
    "number": 25,
    "symbol": "Mn",
    "name": "Manganês",
    "mass": 54.938
  },
  {
    "number": 26,
    "symbol": "Fe",
    "name": "Ferro",
    "mass": 55.845
  },
  {
    "number": 27,
    "symbol": "Co",
    "name": "Cobalto",
    "mass": 58.933
  },
  {
    "number": 28,
    "symbol": "Ni",
    "name": "Níquel",
    "mass": 58.693
  },
  {
    "number": 29,
    "symbol": "Cu",
    "name": "Cobre",
    "mass": 63.546
  },
  {
    "number": 30,
    "symbol": "Zn",
    "name": "Zinco",
    "mass": 65.38
  },
  {
    "number": 31,
    "symbol": "Ga",
    "name": "Gálio",
    "mass": 69.723
  },
  {
    "number": 32,
    "symbol": "Ge",
    "name": "Germânio",
    "mass": 72.63
  },
  {
    "number": 33,
    "symbol": "As",
    "name": "Arsénio",
    "mass": 74.922
  },
  {
    "number": 34,
    "symbol": "Se",
    "name": "Selénio",
    "mass": 78.971
  },
  {
    "number": 35,
    "symbol": "Br",
    "name": "Bromo",
    "mass": 79.904
  },
  {
    "number": 36,
    "symbol": "Kr",
    "name": "Criptão",
    "mass": 83.798
  },
  {
    "number": 37,
    "symbol": "Rb",
    "name": "Rubídio",
    "mass": 85.468
  },
  {
    "number": 38,
    "symbol": "Sr",
    "name": "Estrôncio",
    "mass": 87.62
  },
  {
    "number": 39,
    "symbol": "Y",
    "name": "Ítrio",
    "mass": 88.906
  },
  {
    "number": 40,
    "symbol": "Zr",
    "name": "Zircónio",
    "mass": 91.224
  },
  {
    "number": 41,
    "symbol": "Nb",
    "name": "Nióbio",
    "mass": 92.906
  },
  {
    "number": 42,
    "symbol": "Mo",
    "name": "Molibdénio",
    "mass": 95.95
  },
  {
    "number": 43,
    "symbol": "Tc",
    "name": "Tecnécio",
    "mass": 98
  },
  {
    "number": 44,
    "symbol": "Ru",
    "name": "Ruténio",
    "mass": 101.07
  },
  {
    "number": 45,
    "symbol": "Rh",
    "name": "Ródio",
    "mass": 102.91
  },
  {
    "number": 46,
    "symbol": "Pd",
    "name": "Paládio",
    "mass": 106.42
  },
  {
    "number": 47,
    "symbol": "Ag",
    "name": "Prata",
    "mass": 107.87
  },
  {
    "number": 48,
    "symbol": "Cd",
    "name": "Cádmio",
    "mass": 112.41
  },
  {
    "number": 49,
    "symbol": "In",
    "name": "Índio",
    "mass": 114.82
  },
  {
    "number": 50,
    "symbol": "Sn",
    "name": "Estanho",
    "mass": 118.71
  },
  {
    "number": 51,
    "symbol": "Sb",
    "name": "Antimónio",
    "mass": 121.76
  },
  {
    "number": 52,
    "symbol": "Te",
    "name": "Telúrio",
    "mass": 127.6
  },
  {
    "number": 53,
    "symbol": "I",
    "name": "Iodo",
    "mass": 126.9
  },
  {
    "number": 54,
    "symbol": "Xe",
    "name": "Xénon",
    "mass": 131.29
  },
  {
    "number": 55,
    "symbol": "Cs",
    "name": "Césio",
    "mass": 132.91
  },
  {
    "number": 56,
    "symbol": "Ba",
    "name": "Bário",
    "mass": 137.33
  },
  {
    "number": 57,
    "symbol": "La",
    "name": "Lantânio",
    "mass": 138.91
  },
  {
    "number": 58,
    "symbol": "Ce",
    "name": "Cério",
    "mass": 140.12
  },
  {
    "number": 59,
    "symbol": "Pr",
    "name": "Praseodímio",
    "mass": 140.91
  },
  {
    "number": 60,
    "symbol": "Nd",
    "name": "Neodímio",
    "mass": 144.24
  },
  {
    "number": 61,
    "symbol": "Pm",
    "name": "Promécio",
    "mass": 145
  },
  {
    "number": 62,
    "symbol": "Sm",
    "name": "Samário",
    "mass": 150.36
  },
  {
    "number": 63,
    "symbol": "Eu",
    "name": "Európio",
    "mass": 151.96
  },
  {
    "number": 64,
    "symbol": "Gd",
    "name": "Gadolínio",
    "mass": 157.25
  },
  {
    "number": 65,
    "symbol": "Tb",
    "name": "Térbio",
    "mass": 158.93
  },
  {
    "number": 66,
    "symbol": "Dy",
    "name": "Disprósio",
    "mass": 162.5
  },
  {
    "number": 67,
    "symbol": "Ho",
    "name": "Hólmio",
    "mass": 164.93
  },
  {
    "number": 68,
    "symbol": "Er",
    "name": "Érbio",
    "mass": 167.26
  },
  {
    "number": 69,
    "symbol": "Tm",
    "name": "Túlio",
    "mass": 168.93
  },
  {
    "number": 70,
    "symbol": "Yb",
    "name": "Iterbício",
    "mass": 173.05
  },
  {
    "number": 71,
    "symbol": "Lu",
    "name": "Lutécio",
    "mass": 174.97
  },
  {
    "number": 72,
    "symbol": "Hf",
    "name": "Háfnio",
    "mass": 178.49
  },
  {
    "number": 73,
    "symbol": "Ta",
    "name": "Tântalo",
    "mass": 180.95
  },
  {
    "number": 74,
    "symbol": "W",
    "name": "Tungsténio",
    "mass": 183.84
  },
  {
    "number": 75,
    "symbol": "Re",
    "name": "Rénio",
    "mass": 186.21
  },
  {
    "number": 76,
    "symbol": "Os",
    "name": "Ósmio",
    "mass": 190.23
  },
  {
    "number": 77,
    "symbol": "Ir",
    "name": "Irídio",
    "mass": 192.22
  },
  {
    "number": 78,
    "symbol": "Pt",
    "name": "Platina",
    "mass": 195.08
  },
  {
    "number": 79,
    "symbol": "Au",
    "name": "Ouro",
    "mass": 196.97
  },
  {
    "number": 80,
    "symbol": "Hg",
    "name": "Mercúrio",
    "mass": 200.59
  },
  {
    "number": 81,
    "symbol": "Tl",
    "name": "Tálio",
    "mass": 204.38
  },
  {
    "number": 82,
    "symbol": "Pb",
    "name": "Chumbo",
    "mass": 207.2
  },
  {
    "number": 83,
    "symbol": "Bi",
    "name": "Bismuto",
    "mass": 208.98
  },
  {
    "number": 84,
    "symbol": "Po",
    "name": "Polónio",
    "mass": 209
  },
  {
    "number": 85,
    "symbol": "At",
    "name": "Astato",
    "mass": 210
  },
  {
    "number": 86,
    "symbol": "Rn",
    "name": "Radão",
    "mass": 222
  },
  {
    "number": 87,
    "symbol": "Fr",
    "name": "Frâncio",
    "mass": 223
  },
  {
    "number": 88,
    "symbol": "Ra",
    "name": "Rádio",
    "mass": 226
  },
  {
    "number": 89,
    "symbol": "Ac",
    "name": "Actínio",
    "mass": 227
  },
  {
    "number": 90,
    "symbol": "Th",
    "name": "Tório",
    "mass": 232.04
  },
  {
    "number": 91,
    "symbol": "Pa",
    "name": "Protactínio",
    "mass": 231.04
  },
  {
    "number": 92,
    "symbol": "U",
    "name": "Urânio",
    "mass": 238.03
  },
  {
    "number": 93,
    "symbol": "Np",
    "name": "Neptúnio",
    "mass": 237
  },
  {
    "number": 94,
    "symbol": "Pu",
    "name": "Plutónio",
    "mass": 244
  },
  {
    "number": 95,
    "symbol": "Am",
    "name": "Amerício",
    "mass": 243
  },
  {
    "number": 96,
    "symbol": "Cm",
    "name": "Cúrmio",
    "mass": 247
  },
  {
    "number": 97,
    "symbol": "Bk",
    "name": "Berquélio",
    "mass": 247
  },
  {
    "number": 98,
    "symbol": "Cf",
    "name": "Califórnio",
    "mass": 251
  },
  {
    "number": 99,
    "symbol": "Es",
    "name": "Einsteínio",
    "mass": 252
  },
  {
    "number": 100,
    "symbol": "Fm",
    "name": "Férmio",
    "mass": 257
  },
  {
    "number": 101,
    "symbol": "Md",
    "name": "Mendelévio",
    "mass": 258
  },
  {
    "number": 102,
    "symbol": "No",
    "name": "Nobélio",
    "mass": 259
  },
  {
    "number": 103,
    "symbol": "Lr",
    "name": "Laurêncio",
    "mass": 266
  },
  {
    "number": 104,
    "symbol": "Rf",
    "name": "Rutherfórdio",
    "mass": 267
  },
  {
    "number": 105,
    "symbol": "Db",
    "name": "Dúbnio",
    "mass": 268
  },
  {
    "number": 106,
    "symbol": "Sg",
    "name": "Seabórgio",
    "mass": 269
  },
  {
    "number": 107,
    "symbol": "Bh",
    "name": "Bóhrio",
    "mass": 270
  },
  {
    "number": 108,
    "symbol": "Hs",
    "name": "Hassium",
    "mass": 277
  },
  {
    "number": 109,
    "symbol": "Mt",
    "name": "Meitnério",
    "mass": 278
  },
  {
    "number": 110,
    "symbol": "Ds",
    "name": "Darmstádio",
    "mass": 281
  },
  {
    "number": 111,
    "symbol": "Rg",
    "name": "Roentgénio",
    "mass": 282
  },
  {
    "number": 112,
    "symbol": "Cn",
    "name": "Copernício",
    "mass": 285
  },
  {
    "number": 113,
    "symbol": "Nh",
    "name": "Nihônio",
    "mass": 286
  },
  {
    "number": 114,
    "symbol": "Fl",
    "name": "Fleróvio",
    "mass": 289
  },
  {
    "number": 115,
    "symbol": "Mc",
    "name": "Moscóvio",
    "mass": 289
  },
  {
    "number": 116,
    "symbol": "Lv",
    "name": "Livermório",
    "mass": 293
  },
  {
    "number": 117,
    "symbol": "Ts",
    "name": "Tenessino",
    "mass": 294
  },
  {
    "number": 118,
    "symbol": "Og",
    "name": "Oganessônio",
    "mass": 294
  }
]